<?xml version="1.0" encoding="UTF-8"?>
<manifest>

  <remote name="#FuckXDA"
          fetch="www.FuckXDA.com" />

  <remote name="aicp"
          fetch="https://github.com/AICP/" />

  <remote name="aosp"
          fetch="https://android.googlesource.com"
          review="android-review.googlesource.com" />

  <remote name="bb"
          fetch="https://bitbucket.org/" />

  <remote name="broken"
          fetch="https://github.com/BrokenROM/"
          revision="m6.0" />

  <remote name="BrokenTC"
	      fetch="https://bitbucket.org/BrokenTC" />

  <remote name="cm"
          fetch="https://github.com/LineageOS/" />

  <remote name="github"
          fetch="https://github.com/" />

  <remote name="gs"
          fetch="https://git.sphere.ly" />

  <remote name="ls"
          fetch="https://github.com/LiquidSmooth/" />

  <remote name="omnirom"
          fetch="https://github.com/omnirom" />

  <remote name="slim"
          fetch="https://github.com/SlimRoms/" />

  <remote name="tv"
          fetch="https://github.com/Team-Validus/" />

  <remote name="vanir"
          fetch="https://github.com/VanirAOSP/" />

  <remote name="xda"
          fetch=".." />

  <default revision="refs/tags/android-6.0.1_r77"
           remote="aosp"
           sync-j="4" />

  <!-- Broken Repos -->
  <project path="art" name="DysfunctionalROMs/art" remote="github" revision="m6.0.1"  />
  <project path="bionic" name="BrokenROM/bionic" remote="github" revision="m6.0.1" />
  <project path="bootable/recovery" name="BrokenROM/bootable_recovery" remote="github" revision="m6.0.1" />
  <project path="build" name="BrokenROM/build" remote="github" revision="m6.0.1" >
    <copyfile src="core/root.mk" dest="Makefile" />
  </project>
  <project path="device/qcom/common" name="BrokenROM/device_qcom_common" remote="github" revision="m6.0.1" />
  <project path="device/qcom/sepolicy" name="BrokenROM/device_qcom_sepolicy" remote="github" revision="m6.0.1" />
  <project path="external/apache-http" name="BrokenROM/external_apache-http" remote="github" revision="m6.0.1" />
  <project path="external/boringssl" name="BrokenROM/external_boringssl" remote="github" revision="m6.0.1" />
  <project path="external/chromium-webview" name="BrokenROM/external_chromium-webview" remote="github" revision="m6.0.1" />
  <project path="external/doclava" name="BrokenROM/external_doclava" remote="github" revision="m6.0.1" />
  <project path="external/exfat" name="BrokenROM/external_exfat" remote="github" revision="m6.0.1" />
  <project path="external/f2fs-tools" name="BrokenROM/external_f2fs-tools" remote="github" revision="m6.0.1" />
  <project path="external/ffmpeg" name="BrokenROM/external_ffmpeg" remote="github" revision="m6.0.1" />
  <project path="external/fuse" name="BrokenROM/external_fuse" remote="github" revision="m6.0.1" />
  <project path="external/guava" name="BrokenROM/external_guava" remote="github" revision="m6.0.1" />
  <project path="external/jpeg" name="BrokenROM/external_jpeg" remote="github" revision="m6.0.1" />
  <project path="external/libnfc-nci" name="BrokenROM/external_libnfc-nci" remote="github" revision="m6.0.1" />
  <project path="external/libnfc-nxp" name="BrokenROM/external_libnfc-nxp" remote="github" revision="m6.0.1" />
  <project path="external/okhttp" name="BrokenROM/external_okhttp" remote="github" revision="m6.0.1" />
  <project path="external/pdfium" name="BrokenROM/external_pdfium" remote="github" revision="m6.0.1" />
  <project path="external/sepolicy" name="BrokenROM/external_sepolicy" remote="github" revision="m6.0.1" />
  <project path="external/skia" name="BrokenROM/external_skia" remote="github" revision="m6.0.1" />
  <project path="external/stagefright-plugins" name="BrokenROM/external_stagefright-plugins" remote="github" revision="m6.0.1" />
  <project path="external/tinyalsa" name="BrokenROM/external_tinyalsa" remote="github" revision="m6.0.1" />
  <project path="external/vogar" name="BrokenROM/external_vogar" remote="github" revision="m6.0.1"/>
  <project path="frameworks/av" name="BrokenROM/frameworks_av" remote="github" revision="m6.0.1" />
  <project path="frameworks/base" name="BrokenROM/frameworks_base" remote="github" revision="m6.0.1" />
  <project path="frameworks/native" name="BrokenROM/frameworks_native" remote="github" revision="m6.0.1" />
  <project path="frameworks/opt/net/ims" name="BrokenROM/frameworks_opt_net_ims" remote="github" revision="m6.0.1" groups="frameworks_ims,pdk-cw-fs,pdk-fs" />
  <project path="frameworks/opt/net/wifi" name="BrokenROM/frameworks_opt_net_wifi" remote="github" revision="m6.0.1" />
  <project path="frameworks/opt/telephony" name="BrokenROM/frameworks_opt_telephony" remote="github" revision="m6.0.1" />
  <project path="frameworks/rs" name="BrokenROM/frameworks_rs" groups="pdk" remote="github" revision="m6.0.1" />
  <project path="frameworks/support" name="BrokenROM/frameworks_support" remote="github" revision="m6.0.1" />
  <project path="frameworks/wilhelm" name="BrokenROM/frameworks_wilhelm" remote="github" revision="m6.0.1" />
  <project path="hardware/broadcom/libbt" name="BrokenROM/hardware_broadcom_libbt" remote="github" revision="m6.0.1" />
  <project path="hardware/libhardware" name="BrokenROM/hardware_libhardware" remote="github" revision="m6.0.1" />
  <project path="hardware/libhardware_legacy" name="BrokenROM/hardware_libhardware_legacy" remote="github" revision="m6.0.1" />
  <project path="hardware/qcom/audio/default" name="BrokenROM/hardware_qcom_audio" remote="github" revision="m6.0.1" />
  <project path="hardware/qcom/camera" name="BrokenROM/hardware_qcom_camera" remote="github" revision="m6.0.1" />
  <project path="hardware/qcom/display" name="BrokenROM/hardware_qcom_display" remote="github" revision="m6.0.1" />
  <project path="hardware/qcom/fm" name="BrokenROM/hardware_qcom_fm" remote="github" revision="m6.0.1" />
  <!-- project path="hardware/qcom/gps" name="BrokenROM/hardware_qcom_gps" remote="github" revision="m6.0.1" / -->
  <project path="hardware/qcom/media/default" name="BrokenROM/hardware_qcom_media" remote="github" revision="m6.0.1" />
  <project path="hardware/qcom/wlan" name="BrokenROM/hardware_qcom_wlan" remote="github" revision="m6.0.1" />
  <project path="hardware/qcom/wlan-caf" name="BrokenROM/hardware_qcom_wlan" remote="github" revision="m6.0.1-caf" />
  <project path="hardware/ril" name="BrokenROM/hardware_ril" remote="github" revision="m6.0.1" />
  <project path="hardware/ril-caf" name="BrokenROM/hardware_ril" remote="github" revision="m6.0.1-caf" />
  <project path="libcore" name="BrokenROM/libcore" remote="github" revision="m6.0.1" />
  <project path="packages/apps/BrokenOTA" name="BrokenROM/packages_apps_BrokenOTA" remote="github" revision="m6.0.1" >
	<copyfile src="ota_conf" dest="ota_conf" />
  </project>
  <project path="packages/apps/Bluetooth" name="BrokenROM/packages_apps_Bluetooth" remote="github" revision="m6.0.1" />
  <project path="packages/apps/BrokenCenter" name="BrokenROM/packages_apps_BrokenCenter" remote="github" revision="m6.0.1" />
  <project path="packages/apps/BrokenWalls" name="BrokenROM/packages_apps_BrokenWalls" remote="github" revision="m6.0.1" />
  <project path="packages/apps/CarrierConfig" name="BrokenROM/packages_apps_CarrierConfig" remote="github" revision="m6.0.1" />
  <project path="packages/apps/Contacts" name="BrokenROM/packages_apps_Contacts" remote="github" revision="m6.0.1" />
  <project path="packages/apps/ContactsCommon" name="BrokenROM/packages_apps_ContactsCommon" remote="github" revision="m6.0.1" />
  <project path="packages/apps/DeskClock" name="BrokenROM/packages_apps_DeskClock" remote="github" revision="m6.0.1" />
  <project path="packages/apps/Dialer" name="BrokenROM/packages_apps_Dialer" remote="github" revision="m6.0.1" />
  <project path="packages/apps/FloatingActionButton" name="BrokenROM/packages_apps_FloatingActionButton" remote="github" revision="m6.0.1" />
  <project path="packages/apps/FMRadio" name="BrokenROM/packages_apps_FMRadio" remote="github" revision="m6.0.1" />
  <project path="packages/apps/Gallery2" name="BrokenROM/packages_apps_Gallery2" remote="github" revision="m6.0.1" />
  <project path="packages/apps/InCallUI" name="BrokenROM/packages_apps_InCallUI" remote="github" revision="m6.0.1" />
  <project path="packages/apps/KernelAdiutor" name="BrokenROM/packages_apps_KernelAdiutor" remote="github"  revision="m6.0.1" />
  <project path="packages/apps/LockClock" name="BrokenROM/packages_apps_LockClock" remote="github" revision="m6.0.1" />
  <project path="packages/apps/Messaging" name="BrokenROM/packages_apps_Messaging" remote="github" revision="m6.0.1" />
  <project path="packages/apps/Nfc" name="BrokenROM/packages_apps_Nfc" remote="github" revision="m6.0.1" />
  <project path="packages/apps/PackageInstaller" name="BrokenROM/packages_apps_PackageInstaller" remote="github" revision="m6.0.1" />
  <project path="packages/apps/PhoneCommon" name="BrokenROM/packages_apps_PhoneCommon" remote="github" revision="m6.0.1" />
  <project path="packages/apps/Settings" name="BrokenROM/packages_apps_Settings" remote="github" revision="m6.0.1" />
  <project path="packages/apps/WallpaperPicker" name="BrokenROM/packages_apps_WallpaperPicker" remote="github" revision="m6.0.1" />
  <project path="packages/inputmethods/LatinIME" name="BrokenROM/packages_inputmethods_LatinIME" remote="github" revision="m6.0.1" />
  <project path="packages/providers/ContactsProvider" name="BrokenROM/packages_providers_ContactsProvider" remote="github" revision="m6.0.1" />
  <project path="packages/providers/DownloadProvider" name="BrokenROM/packages_providers_DownloadProvider" remote="github" revision="m6.0.1" />
  <project path="packages/providers/MediaProvider" name="BrokenROM/packages_providers_MediaProvider" remote="github" revision="m6.0.1" />
  <project path="packages/providers/TelephonyProvider" name="BrokenROM/packages_providers_TelephonyProvider" remote="github" revision="m6.0.1" />
  <project path="packages/services/Mms" name="BrokenROM/packages_services_Mms" remote="github" revision="m6.0.1" />
  <project path="packages/services/Telecomm" name="BrokenROM/packages_services_Telecomm" remote="github" revision="m6.0.1" />
  <project path="packages/services/Telephony" name="BrokenROM/packages_services_Telephony" remote="github" revision="m6.0.1" />
  <project path="platform_manifest" name="BrokenROM/platform_manifest" remote="github" revision="m6.0.1" />
  <project path="system/bt" name="BrokenROM/system_bt" remote="github" revision="m6.0.1" />
  <project path="system/core" name="BrokenROM/system_core" remote="github" revision="m6.0.1" />
  <project path="system/extras" name="BrokenROM/system_extras" remote="github" revision="m6.0.1" />
  <project path="system/media" name="BrokenROM/system_media" remote="github" revision="m6.0.1" />
  <project path="system/security" name="BrokenROM/system_security" remote="github" revision="m6.0.1" />
  <project path="system/vold" name="BrokenROM/system_vold" remote="github" revision="m6.0.1" />
  <project path="vendor/broken" name="BrokenROM/vendor_broken" remote="github" revision="m6.0.1" >
	  <copyfile src="tools/build-broken.sh" dest="build-broken.sh" />
  </project>
  <project path="vendor/qcom/opensource/dpm" name="BrokenROM/vendor_qcom_opensource_dpm" remote="github" revision="m6.0.1" />

  <!-- Everyone else for now -->
  <project path="abi/cpp" name="platform/abi/cpp" groups="pdk" />
  <project path="cts" name="platform/cts" groups="cts,pdk-cw-fs,pdk-fs" />
  <project path="dalvik" name="platform/dalvik" groups="pdk-cw-fs,pdk-fs" />
  <project path="developers/build" name="platform/developers/build" />
  <project path="developers/demos" name="platform/developers/demos" />
  <project path="developers/docs" name="platform/developers/docs" />
  <project path="developers/samples/android" name="platform/developers/samples/android" />
  <project path="development" name="platform/development" groups="pdk-cw-fs,pdk-fs" />
  <project path="device/common" name="device/common" groups="pdk-cw-fs,pdk-fs" />
  <!--project path="device/generic/arm64" name="device/generic/arm64" groups="pdk" / -->
  <project path="device/generic/armv7-a-neon" name="device/generic/armv7-a-neon" groups="pdk" />
  <project path="device/generic/common" name="device/generic/common" groups="pdk" />
  <project path="device/generic/goldfish" name="device/generic/goldfish" groups="pdk" />
  <!--project path="device/generic/mips" name="device/generic/mips" groups="pdk" / -->
  <!--project path="device/generic/mini-emulator-arm64" name="device/generic/mini-emulator-arm64" groups="pdk" / -->
  <project path="device/generic/mini-emulator-armv7-a-neon" name="device/generic/mini-emulator-armv7-a-neon" groups="pdk" />
  <!-- project path="device/generic/mini-emulator-mips" name="device/generic/mini-emulator-mips" groups="pdk" / -->
  <!-- project path="device/generic/mini-emulator-x86" name="device/generic/mini-emulator-x86" groups="pdk" / -->
  <!-- project path="device/generic/mini-emulator-x86_64" name="device/generic/mini-emulator-x86_64" groups="pdk" / -->
  <!-- project path="device/generic/qemu" name="device/generic/qemu" / -->
  <!-- project path="device/generic/x86" name="device/generic/x86" groups="pdk" / -->
  <!-- project path="device/generic/x86_64" name="device/generic/x86_64" groups="pdk" / -->
  <!-- project path="device/google/accessory/arduino" name="device/google/accessory/arduino" groups="device" / -->
  <!-- project path="device/google/accessory/demokit" name="device/google/accessory/demokit" groups="device" / -->
  <!-- project path="device/google/atv" name="device/google/atv" groups="device,fugu,broadcom_pdk,generic_fs" / -->
  <project path="device/sample" name="device/sample" groups="pdk" />
  <project path="docs/source.android.com" name="platform/docs/source.android.com" groups="pdk-cw-fs,pdk-fs" />
  <project path="external/aac" name="platform/external/aac" groups="pdk" />
  <project path="external/android-clat" name="platform/external/android-clat" groups="pdk-cw-fs,pdk-fs" />
  <project path="external/android-mock" name="platform/external/android-mock" groups="pdk-cw-fs,pdk-fs" />
  <project path="external/androidplot" name="platform/external/androidplot" groups="pdk-cw-fs,pdk-fs" />
  <project path="external/android-visualizer" name="SlimRoms/android_external_android-visualizer" remote="github" revision="mm6.0" />
  <project path="external/ant-glob" name="platform/external/ant-glob" groups="pdk-cw-fs,pdk-fs" />
  <project path="external/antlr" name="platform/external/antlr" groups="pdk-cw-fs,pdk-fs" />
  <project path="external/ant-wireless/ant_native" name="LineageOS/android_external_ant-wireless_ant_native" remote="github" revision="cm-13.0" />
  <project path="external/ant-wireless/ant_service" name="LineageOS/android_external_ant-wireless_ant_service" remote="github" revision="cm-13.0" />
  <project path="external/ant-wireless/antradio-library" name="LineageOS/android_external_ant-wireless_antradio-library" remote="github" revision="cm-13.0" />
  <project path="external/apache-commons-math" name="platform/external/apache-commons-math" groups="pdk-cw-fs,pdk-fs" />
  <project path="external/apache-harmony" name="platform/external/apache-harmony" groups="pdk-cw-fs,pdk-fs" />
  <project path="external/apache-xml" name="platform/external/apache-xml" groups="pdk" />
  <project path="external/bison" name="platform/external/bison" groups="pdk" />
  <project path="external/blktrace" name="platform/external/blktrace" groups="pdk-cw-fs,pdk-fs" />
  <project path="external/bouncycastle" name="platform/external/bouncycastle" groups="pdk" />
  <project path="external/bsdiff" name="platform/external/bsdiff" groups="pdk" />
  <project path="external/busybox" name="SlimRoms/android_external_busybox" remote="github" revision="mm6.0" />
  <project path="external/bzip2" name="platform/external/bzip2" groups="pdk" />
  <project path="external/cblas" name="platform/external/cblas" groups="pdk" />
  <project path="external/ceres-solver" name="platform/external/ceres-solver" groups="pdk-cw-fs,pdk-fs" />
  <project path="external/chromium-libpac" name="platform/external/chromium-libpac" groups="pdk-fs" />
  <project path="external/chromium-trace" name="platform/external/chromium-trace" groups="pdk" />
  <project path="external/clang" name="platform/external/clang" groups="pdk" />
  <project path="external/cmockery" name="platform/external/cmockery" groups="pdk-fs" />
  <project path="external/compiler-rt" name="platform/external/compiler-rt" groups="pdk" />
  <project path="external/connectivity" name="android_external_connectivity" remote="cm" revision="cm-13.0" />
  <project path="external/conscrypt" name="platform/external/conscrypt" groups="pdk-cw-fs,pdk-fs" />
  <project path="external/crcalc" name="platform/external/crcalc" groups="pdk-fs" />
  <project path="external/deqp" name="platform/external/deqp" groups="pdk-fs" />
  <project path="external/dexmaker" name="platform/external/dexmaker" groups="pdk-cw-fs,pdk-fs" />
  <project path="external/dhcpcd" name="SlimRoms/android_external_dhcpcd" remote="github" revision="mm6.0" />
  <project path="external/dnsmasq" name="platform/external/dnsmasq" groups="pdk" />
  <project path="external/donuts" name="platform/external/donuts" groups="pdk-fs" />
  <project path="external/drm_gralloc" name="platform/external/drm_gralloc" groups="drm_gralloc" />
  <project path="external/drm_hwcomposer" name="platform/external/drm_hwcomposer" groups="drm_hwcomposer" />
  <project path="external/droiddriver" name="platform/external/droiddriver" groups="pdk-cw-fs,pdk-fs" />
  <project path="external/e2fsprogs" name="SlimRoms/android_external_e2fsprogs" groups="pdk" remote="github" revision="mm6.0" />
  <project path="external/easymock" name="platform/external/easymock" groups="pdk-cw-fs,pdk-fs" />
  <project path="external/eclipse-basebuilder" name="platform/external/eclipse-basebuilder" groups="pdk-cw-fs,pdk-fs" />
  <project path="external/eclipse-windowbuilder" name="platform/external/eclipse-windowbuilder" groups="pdk-cw-fs,pdk-fs" />
  <project path="external/eigen" name="platform/external/eigen" groups="pdk" />
  <project path="external/elfutils" name="platform/external/elfutils" groups="pdk" />
  <project path="external/embunit" name="platform/external/embunit" groups="pdk-cw-fs,pdk-fs" />
  <project path="external/emma" name="platform/external/emma" groups="pdk-cw-fs,pdk-fs" />
  <project path="external/esd" name="platform/external/esd" groups="pdk-cw-fs,pdk-fs" />
  <project path="external/expat" name="platform/external/expat" groups="pdk" />
  <project path="external/eyes-free" name="platform/external/eyes-free" groups="pdk-cw-fs,pdk-fs" />
  <project path="external/fdlibm" name="platform/external/fdlibm" groups="pdk" />
  <project path="external/fio" name="platform/external/fio" groups="pdk-fs" />
  <project path="external/flac" name="platform/external/flac" groups="pdk" />
  <project path="external/fonttools" name="platform/external/fonttools" groups="pdk-fs" />
  <project path="external/freetype" name="platform/external/freetype" groups="pdk" />
  <project path="external/fsck_msdos" name="platform/external/fsck_msdos" groups="pdk-cw-fs,pdk-fs" />
  <project path="external/giflib" name="platform/external/giflib" groups="pdk,qcom_msm8x26" />
  <project path="external/glide" name="platform/external/glide" groups="pdk-fs" />
  <project path="external/google" name="android_external_google" remote="cm" revision="cm-13.0" />
  <project path="external/google-breakpad" name="platform/external/google-breakpad" groups="dragon" />
  <project path="external/google-fonts/carrois-gothic-sc" name="platform/external/google-fonts/carrois-gothic-sc" groups="pdk-cw-fs,pdk-fs" />
  <project path="external/google-fonts/coming-soon" name="platform/external/google-fonts/coming-soon" groups="pdk-cw-fs,pdk-fs" />
  <project path="external/google-fonts/cutive-mono" name="platform/external/google-fonts/cutive-mono" groups="pdk-cw-fs,pdk-fs" />
  <project path="external/google-fonts/dancing-script" name="platform/external/google-fonts/dancing-script" groups="pdk-cw-fs,pdk-fs" />
  <project path="external/google-tv-pairing-protocol" name="platform/external/google-tv-pairing-protocol" groups="pdk-fs" />
  <project path="external/gptfdisk" name="platform/external/gptfdisk" groups="pdk-fs" />
  <project path="external/gtest" name="platform/external/gtest" groups="pdk" />
  <project path="external/hamcrest" name="platform/external/hamcrest" groups="pdk-cw-fs,pdk-fs" />
  <project path="external/harfbuzz_ng" name="platform/external/harfbuzz_ng" groups="pdk,qcom_msm8x26" />
  <project path="external/hyphenation-patterns" name="platform/external/hyphenation-patterns" groups="pdk-fs" />
  <project path="external/icu" name="platform/external/icu" groups="pdk" />
  <project path="external/iproute2" name="platform/external/iproute2" groups="pdk" />
  <project path="external/ipsec-tools" name="platform/external/ipsec-tools" groups="pdk-cw-fs,pdk-fs" />
  <project path="external/iptables" name="platform/external/iptables" groups="pdk-cw-fs,pdk-fs" />
  <project path="external/iputils" name="platform/external/iputils" groups="pdk-cw-fs,pdk-fs" />
  <project path="external/jack" name="platform/external/jack" groups="pdk-cw-fs,pdk-fs" />
  <project path="external/jarjar" name="platform/external/jarjar" groups="pdk" />
  <project path="external/javasqlite" name="platform/external/javasqlite" groups="pdk-cw-fs,pdk-fs" />
  <project path="external/javassist" name="platform/external/javassist" groups="pdk-cw-fs,pdk-fs" />
  <project path="external/jdiff" name="platform/external/jdiff" groups="pdk-cw-fs,pdk-fs" />
  <project path="external/jemalloc" name="platform/external/jemalloc" groups="pdk" />
  <project path="external/jetty" name="platform/external/jetty" groups="pdk-fs" />
  <project path="external/jhead" name="platform/external/jhead" groups="pdk" />
  <project path="external/jline" name="platform/external/jline" groups="notdefault,tradefed" />
  <project path="external/jmdns" name="platform/external/jmdns" groups="pdk-cw-fs,pdk-fs" />
  <project path="external/jmonkeyengine" name="platform/external/jmonkeyengine" groups="pdk-cw-fs,pdk-fs" />
  <project path="external/jsilver" name="platform/external/jsilver" groups="pdk-cw-fs,pdk-fs" />
  <project path="external/jsmn" name="platform/external/jsmn" groups="pdk" />
  <project path="external/jsoncpp" name="platform/external/jsoncpp" groups="pdk-cw-fs,pdk-fs" />
  <project path="external/jsr305" name="platform/external/jsr305" groups="pdk-cw-fs,pdk-fs" />
  <project path="external/junit" name="platform/external/junit" groups="pdk-cw-fs,pdk-fs" />
  <project path="external/kernel-headers" name="platform/external/kernel-headers" groups="pdk-cw-fs,pdk-fs" />
  <project path="external/ksoap2" name="platform/external/ksoap2" groups="pdk-cw-fs,pdk-fs" />
  <project path="external/libavc" name="platform/external/libavc" groups="pdk" />
  <project path="external/libcap-ng" name="platform/external/libcap-ng" groups="pdk-cw-fs,pdk-fs" />
  <project path="external/libcxx" name="platform/external/libcxx" groups="pdk" />
  <project path="external/libcxxabi" name="platform/external/libcxxabi" groups="pdk" />
  <project path="external/libdrm" name="platform/external/libdrm" groups="pdk" />
  <project path="external/libedit" name="platform/external/libedit" groups="pdk-fs" />
  <project path="external/libexif" name="platform/external/libexif" groups="pdk-cw-fs,pdk-fs" />
  <project path="external/libgsm" name="platform/external/libgsm" groups="pdk" />
  <project path="external/libhevc" name="platform/external/libhevc" groups="pdk-fs" />
  <project path="external/liblzf" name="platform/external/liblzf" groups="pdk" />
  <project path="external/libmpeg2" name="platform/external/libmpeg2" groups="pdk" />
  <project path="external/libmtp" name="platform/external/libmtp" groups="pdk-cw-fs,pdk-fs" />
  <project path="external/libnetfilter_conntrack" name="SlimRoms/android_external_libnetfilter_conntrack" remote="github" revision="mm6.0" />
  <project path="external/libnfnetlink" name="SlimRoms/android_external_libnfnetlink" remote="github" revision="mm6.0" />
  <project path="external/libnl" name="platform/external/libnl" groups="pdk" />
  <project path="external/libogg" name="platform/external/libogg" groups="pdk" />
  <project path="external/libopus" name="platform/external/libopus" groups="pdk" />
  <project path="external/libpcap" name="platform/external/libpcap" groups="pdk,pdk-cw-fs,pdk-fs" />
  <project path="external/libphonenumber" name="platform/external/libphonenumber" groups="pdk-cw-fs,pdk-fs" />
  <project path="external/libpng" name="platform/external/libpng" groups="pdk" />
  <project path="external/libseccomp-helper" name="platform/external/libseccomp-helper" groups="pdk-cw-fs,pdk-fs" />
  <project path="external/libselinux" name="platform/external/libselinux" groups="pdk" />
  <project path="external/libssh2" name="platform/external/libssh2" groups="pdk-cw-fs,pdk-fs" />
  <project path="external/libunwind" name="platform/external/libunwind" groups="pdk" />
  <project path="external/libusb" name="platform/external/libusb" groups="pdk-cw-fs,pdk-fs" />
  <project path="external/libusb-compat" name="platform/external/libusb-compat" groups="pdk-cw-fs,pdk-fs" />
  <project path="external/libutf" name="platform/external/libutf" groups="pdk-cw-fs,pdk-fs" />
  <project path="external/libvncserver" name="platform/external/libvncserver" groups="pdk-cw-fs,pdk-fs" />
  <project path="external/libvorbis" name="platform/external/libvorbis" groups="pdk-cw-fs,pdk-fs" />
  <project path="external/libvpx" name="platform/external/libvpx" groups="pdk" />
  <project path="external/libvterm" name="platform/external/libvterm" groups="pdk-cw-fs,pdk-fs" />
  <project path="external/libxml2" name="platform/external/libxml2" groups="pdk-cw-fs,pdk-fs,libxml2" />
  <project path="external/libyuv" name="platform/external/libyuv" groups="libyuv,pdk-cw-fs,pdk-fs" />
  <project path="external/linux-tools-perf" name="platform/external/linux-tools-perf" groups="pdk-cw-fs,pdk-fs" />
  <project path="external/littlemock" name="platform/external/littlemock" groups="pdk-cw-fs,pdk-fs" />
  <project path="external/lld" name="platform/external/lld" groups="pdk-fs" />
  <project path="external/lldb" name="platform/external/lldb" groups="pdk-cw-fs,pdk-fs" />
  <project path="external/llvm" name="platform/external/llvm" groups="pdk" />
  <project path="external/ltrace" name="platform/external/ltrace" groups="pdk-cw-fs,pdk-fs" />
  <project path="external/lz4" name="platform/external/lz4" groups="pdk-cw-fs,pdk-fs" />
  <project path="external/lzma" name="platform/external/lzma" groups="pdk" />
  <project path="external/marisa-trie" name="platform/external/marisa-trie" groups="pdk-cw-fs,pdk-fs" />
  <project path="external/markdown" name="platform/external/markdown" groups="pdk-cw-fs,pdk-fs" />
  <project path="external/mdnsresponder" name="platform/external/mdnsresponder" groups="pdk" />
  <project path="external/mesa3d" name="platform/external/mesa3d" groups="pdk-cw-fs,pdk-fs" />
  <project path="external/messageformat" name="platform/external/messageformat" groups="pdk-cw-fs,pdk-fs" />
  <project path="external/mksh" name="platform/external/mksh" groups="pdk" />
  <project path="external/mockftpserver" name="platform/external/mockftpserver" groups="pdk-fs" />
  <project path="external/mockito" name="platform/external/mockito" groups="pdk-cw-fs,pdk-fs" />
  <project path="external/mockwebserver" name="platform/external/mockwebserver" groups="pdk-cw-fs,pdk-fs" />
  <project path="external/mp4parser" name="platform/external/mp4parser" groups="pdk-cw-fs,pdk-fs" />
  <project path="external/mtpd" name="platform/external/mtpd" groups="pdk-cw-fs,pdk-fs" />
  <project path="external/nanohttpd" name="platform/external/nanohttpd" groups="pdk-fs" />
  <project path="external/nanopb-c" name="platform/external/nanopb-c" groups="pdk" />
  <project path="external/naver-fonts" name="platform/external/naver-fonts" groups="pdk-cw-fs,pdk-fs" />
  <project path="external/netcat" name="platform/external/netcat" groups="pdk-cw-fs,pdk-fs" />
  <project path="external/netperf" name="platform/external/netperf" groups="pdk-cw-fs,pdk-fs" />
  <project path="external/neven" name="platform/external/neven" groups="pdk-cw-fs,pdk-fs" />
  <project path="external/nfacct" name="platform/external/nfacct" groups="pdk-cw-fs,pdk-fs" />
  <project path="external/nist-pkits" name="platform/external/nist-pkits" groups="pdk-cw-fs,pdk-fs" />
  <project path="external/nist-sip" name="platform/external/nist-sip" groups="pdk-cw-fs,pdk-fs" />
  <project path="external/noto-fonts" name="platform/external/noto-fonts" groups="pdk" />
  <project path="external/ntfs-3g" name="SlimRoms/android_external_ntfs-3g" remote="github" revision="mm6.0" />
  <project path="external/oauth" name="platform/external/oauth" groups="pdk-cw-fs,pdk-fs" />
  <project path="external/objenesis" name="platform/external/objenesis" groups="pdk-cw-fs,pdk-fs" />
  <project path="external/opencv" name="platform/external/opencv" groups="pdk-cw-fs,pdk-fs" />
  <project path="external/openfst" name="platform/external/openfst" groups="pdk-cw-fs,pdk-fs" />
  <project path="external/openssh" name="platform/external/openssh" groups="pdk-cw-fs,pdk-fs" />
  <project path="external/owasp/sanitizer" name="platform/external/owasp/sanitizer" groups="pdk-fs" />
  <project path="external/parameter-framework" name="platform/external/parameter-framework" groups="pdk-fs" />
  <project path="external/pcre" name="platform/external/pcre" groups="pdk" />
  <project path="external/ppp" name="platform/external/ppp" groups="pdk-cw-fs,pdk-fs" />
  <project path="external/proguard" name="platform/external/proguard" groups="pdk" />
  <project path="external/protobuf" name="platform/external/protobuf" groups="pdk" />
  <project path="external/regex-re2" name="platform/external/regex-re2" groups="pdk-cw-fs,pdk-fs" />
  <project path="external/replicaisland" name="platform/external/replicaisland" groups="pdk-cw-fs,pdk-fs" />
  <project path="external/robolectric" name="platform/external/robolectric" groups="pdk-cw-fs,pdk-fs" />
  <project path="external/roboto-fonts" name="platform/external/roboto-fonts" groups="pdk-cw-fs,pdk-fs" />
  <project path="external/safe-iop" name="platform/external/safe-iop" groups="pdk" />
  <project path="external/scrypt" name="platform/external/scrypt" groups="pdk" />
  <project path="external/selinux" name="platform/external/selinux" groups="pdk" />
  <project path="external/sfntly" name="platform/external/sfntly" groups="pdk,qcom_msm8x26" />
  <project path="external/slf4j" name="platform/external/slf4j" groups="pdk-fs" />
  <project path="external/smali" name="platform/external/smali" groups="pdk-cw-fs,pdk-fs" />
  <project path="external/sonic" name="platform/external/sonic" groups="pdk" />
  <project path="external/sonivox" name="platform/external/sonivox" groups="pdk" />
  <project path="external/speex" name="platform/external/speex" groups="pdk" />
  <project path="external/sqlite" name="platform/external/sqlite" groups="pdk" />
  <project path="external/squashfs-tools" name="platform/external/squashfs-tools" groups="pdk" />
  <project path="external/srtp" name="platform/external/srtp" groups="pdk-cw-fs,pdk-fs" />
  <project path="external/strace" name="platform/external/strace" groups="pdk-cw-fs,pdk-fs" />
  <project path="external/svox" name="platform/external/svox" groups="pdk-cw-fs,pdk-fs" />
  <project path="external/tagsoup" name="platform/external/tagsoup" groups="pdk-cw-fs,pdk-fs" />
  <project path="external/tcpdump" name="platform/external/tcpdump" groups="pdk,pdk-cw-fs,pdk-fs" />
  <project path="external/timezonepicker-support" name="platform/external/timezonepicker-support" groups="pdk-cw-fs,pdk-fs" />
  <project path="external/tinycompress" name="SlimRoms/android_external_tinycompress" remote="github" revision="mm6.0" />
  <project path="external/tinyxml" name="platform/external/tinyxml" groups="pdk" />
  <project path="external/tinyxml2" name="platform/external/tinyxml2" groups="pdk" />
  <project path="external/toybox" name="platform/external/toybox" groups="pdk" />
  <project path="external/tremolo" name="platform/external/tremolo" groups="pdk" />
  <project path="external/v8" name="platform/external/v8" groups="pdk" />
  <project path="external/valgrind" name="platform/external/valgrind" groups="pdk" />
  <project path="external/vboot_reference" name="platform/external/vboot_reference" groups="vboot" />
  <project path="external/vixl" name="platform/external/vixl" groups="pdk" />
  <project path="external/webp" name="platform/external/webp" groups="pdk,qcom_msm8x26" />
  <project path="external/webrtc" name="platform/external/webrtc" groups="pdk" />
  <project path="external/wpa_supplicant_8" name="SlimRoms/android_external_wpa_supplicant_8" remote="github" revision="mm6.0" />
  <project path="external/xmlwriter" name="platform/external/xmlwriter" groups="pdk-cw-fs,pdk-fs" />
  <project path="external/xmp_toolkit" name="platform/external/xmp_toolkit" groups="pdk-cw-fs,pdk-fs" />
  <project path="external/zlib" name="platform/external/zlib" groups="pdk" />
  <project path="external/zopfli" name="platform/external/zopfli" groups="pdk-cw-fs,pdk-fs" />
  <project path="external/zxing" name="platform/external/zxing" groups="pdk-cw-fs,pdk-fs" />
  <project path="frameworks/compile/libbcc" name="platform/frameworks/compile/libbcc" groups="pdk" />
  <project path="frameworks/compile/mclinker" name="platform/frameworks/compile/mclinker" groups="pdk" />
  <project path="frameworks/compile/slang" name="platform/frameworks/compile/slang" groups="pdk" />
  <project path="frameworks/ex" name="platform/frameworks/ex" groups="pdk-cw-fs,pdk-fs" />
  <project path="frameworks/mff" name="platform/frameworks/mff" groups="pdk-cw-fs,pdk-fs" />
  <project path="frameworks/minikin" name="platform/frameworks/minikin" groups="pdk-cw-fs,pdk-fs" />
  <project path="frameworks/ml" name="platform/frameworks/ml" groups="pdk-cw-fs,pdk-fs" />
  <project path="frameworks/multidex" name="platform/frameworks/multidex" groups="pdk-cw-fs,pdk-fs" />
  <project path="frameworks/opt/bitmap" name="platform/frameworks/opt/bitmap" groups="pdk-fs" />
  <project path="frameworks/opt/bluetooth" name="SlimRoms/frameworks_opt_bluetooth" remote="github" revision="mm6.0" />
  <project path="frameworks/opt/calendar" name="platform/frameworks/opt/calendar" groups="pdk-cw-fs,pdk-fs" />
  <project path="frameworks/opt/carddav" name="platform/frameworks/opt/carddav" groups="pdk-cw-fs,pdk-fs" />
  <project path="frameworks/opt/cards" name="SlimRoms/frameworks_opt_cards" remote="github" revision="mm6.0" />
  <project path="frameworks/opt/chips" name="platform/frameworks/opt/chips" groups="pdk-cw-fs,pdk-fs" />
  <project path="frameworks/opt/colorpicker" name="platform/frameworks/opt/colorpicker" groups="pdk-cw-fs,pdk-fs" />
  <project path="frameworks/opt/hardware" name="SlimRoms/frameworks_opt_hardware" remote="github" revision="mm6.0" />
  <project path="frameworks/opt/datetimepicker" name="platform/frameworks/opt/datetimepicker" groups="pdk-cw-fs,pdk-fs" />
  <project path="frameworks/opt/emoji" name="platform/frameworks/opt/emoji" groups="pdk-cw-fs,pdk-fs" />
  <project path="frameworks/opt/inputconnectioncommon" name="platform/frameworks/opt/inputconnectioncommon" groups="pdk-fs" />
  <project path="frameworks/opt/inputmethodcommon" name="platform/frameworks/opt/inputmethodcommon" groups="pdk-cw-fs,pdk-fs" />
  <project path="frameworks/opt/net/ethernet" name="platform/frameworks/opt/net/ethernet" groups="pdk-fs" />
  <project path="frameworks/opt/net/voip" name="platform/frameworks/opt/net/voip" groups="pdk-cw-fs,pdk-fs" />
  <project path="frameworks/opt/photoviewer" name="platform/frameworks/opt/photoviewer" groups="pdk-cw-fs,pdk-fs" />
  <project path="frameworks/opt/setupwizard" name="platform/frameworks/opt/setupwizard" groups="pdk-cw-fs,pdk-fs" />
  <project path="frameworks/opt/timezonepicker" name="platform/frameworks/opt/timezonepicker" groups="pdk-cw-fs,pdk-fs" />
  <project path="frameworks/opt/vcard" name="platform/frameworks/opt/vcard" groups="pdk-cw-fs,pdk-fs" />
  <project path="frameworks/opt/widget" name="platform/frameworks/opt/widget" groups="pdk-cw-fs,pdk-fs" />
  <project path="frameworks/data-binding" name="platform/frameworks/data-binding" groups="pdk-cw-fs,pdk-fs" />
  <project path="frameworks/volley" name="platform/frameworks/volley" groups="pdk-cw-fs,pdk-fs" />
  <project path="frameworks/webview" name="platform/frameworks/webview" groups="pdk-cw-fs,pdk-fs" />
  <project path="hardware/akm" name="platform/hardware/akm" />
  <project path="hardware/broadcom/wlan" name="SlimRoms/hardware_broadcom_wlan" remote="github" revision="mm6.0" />
  <project path="hardware/cyanogen" name="SlimRoms/hardware_cyanogen" remote="github" revision="mm6.0" />
  <project path="hardware/marvell/bt" name="platform/hardware/marvell/bt" groups="marvell_bt" />
  <project path="hardware/mediatek" name="platform/hardware/mediatek" groups="mediatek,mediatek_wear" />
  <project path="hardware/qcom/audio-caf/apq8084" name="LineageOS/android_hardware_qcom_audio" groups="qcom,qcom_audio" remote="github" revision="cm-13.0-caf-8084" />
  <project path="hardware/qcom/audio-caf/msm8960" name="LineageOS/android_hardware_qcom_audio" groups="qcom,qcom_audio" remote="github" revision="cm-13.0-caf-8960" />
  <project path="hardware/qcom/bt" name="SlimRoms/hardware_qcom_bt" remote="github" revision="mm6.0" />
  <project path="hardware/qcom/bt-caf" name="SlimRoms/hardware_qcom_bt" remote="github" revision="mm6.0-caf" />
  <project path="hardware/qcom/display-caf/apq8084" name="LineageOS/android_hardware_qcom_display" groups="pdk,qcom,qcom_display" remote="github" revision="cm-13.0-caf-8084" />
  <project path="hardware/qcom/display-caf/msm8960" name="LineageOS/android_hardware_qcom_display" groups="pdk,qcom,qcom_display" remote="github" revision="cm-13.0-caf-8960" />
  <project path="hardware/qcom/display-caf/msm8974" name="lineageos/android_hardware_qcom_display" groups="pdk,qcom,qcom_display" remote="github" revision="cm-13.0-caf-8974" />
  <project path="hardware/qcom/keymaster" name="SlimRoms/hardware_qcom_keymaster" remote="github" revision="mm6.0" />
  <project path="hardware/qcom/media-caf/apq8084" name="LineageOS/android_hardware_qcom_media" groups="qcom" remote="github" revision="cm-13.0-caf-8084" />
  <project path="hardware/qcom/media-caf/msm8960" name="LineageOS/android_hardware_qcom_media" groups="qcom" remote="github" revision="cm-13.0-caf-8960" />
  <project path="hardware/qcom/msm8960" name="platform/hardware/qcom/msm8960" groups="qcom_msm8960" />
  <project path="hardware/qcom/msm8x26" name="platform/hardware/qcom/msm8x26" groups="qcom_msm8x26" />
  <project path="hardware/qcom/msm8x27" name="platform/hardware/qcom/msm8x27" groups="qcom_msm8x27" />
  <project path="hardware/qcom/msm8x74" name="platform/hardware/qcom/msm8x74" groups="pdk,qcom_msm8x74" />
  <project path="hardware/qcom/msm8x84" name="platform/hardware/qcom/msm8x84" groups="qcom_msm8x84" />
  <project path="hardware/qcom/power" name="SlimRoms/hardware_qcom_power" remote="github" revision="mm6.0" />
  <project path="hardware/qcom/sensors" name="platform/hardware/qcom/sensors" groups="qcom" />
  <project path="libnativehelper" name="platform/libnativehelper" groups="pdk" />
  <project path="ndk" name="platform/ndk" groups="generic_fs" />
  <project path="packages/apps/AudioFX" name="SlimRoms/packages_apps_AudioFX" remote="github" revision="mm6.0" />
  <project path="packages/apps/BasicSmsReceiver" name="SlimRoms/packages_apps_BasicSmsReceiver" remote="github" revision="mm6.0" />
  <project path="packages/apps/Browser" name="SlimRoms/packages_apps_Browser" remote="github" revision="mm6.0" />
  <project path="packages/apps/Calculator" name="platform/packages/apps/Calculator" groups="pdk-fs" />
  <project path="packages/apps/Calendar" name="SlimRoms/packages_apps_Calendar" remote="github" revision="mm6.0" />
  <project path="packages/apps/Camera" name="platform/packages/apps/Camera" groups="pdk-fs" />
  <project path="packages/apps/Camera2" name="SlimRoms/packages_apps_Camera2" remote="github" revision="mm6.0" />
  <project path="packages/apps/CellBroadcastReceiver" name="SlimRoms/packages_apps_CellBroadcastReceiver" remote="github" revision="mm6.0" />
  <project path="packages/apps/CertInstaller" name="platform/packages/apps/CertInstaller" groups="pdk-cw-fs,pdk-fs" />
  <project path="packages/apps/Email" name="SlimRoms/packages_apps_Email" remote="github" revision="mm6.0" />
  <project path="packages/apps/ExactCalculator" name="platform/packages/apps/ExactCalculator" groups="pdk-fs" />
  <project path="packages/apps/Exchange" name="SlimRoms/packages_apps_Exchange" remote="github" revision="mm6.0" />
  <project path="packages/apps/Gallery" name="platform/packages/apps/Gallery" groups="pdk-fs" />
  <project path="packages/apps/HTMLViewer" name="platform/packages/apps/HTMLViewer" groups="pdk-fs" />
  <project path="packages/apps/KeyChain" name="platform/packages/apps/KeyChain" groups="pdk-fs" />
  <project path="packages/apps/LegacyCamera" name="platform/packages/apps/LegacyCamera" groups="pdk-fs" />
  <project path="packages/apps/ManagedProvisioning" name="platform/packages/apps/ManagedProvisioning" groups="pdk-fs" />
  <!--project path="packages/apps/masquerade" name="TeamSubstratum/masquerade" remote="github" revision="n" / -->
  <project path="packages/apps/ThemeInterfacer" name="substratum/interfacer" remote="github" revision="n-rootless" />
  <project path="packages/apps/Music" name="platform/packages/apps/Music" groups="pdk-fs" />
  <project path="packages/apps/MusicFX" name="platform/packages/apps/MusicFX" groups="pdk-fs" />
  <project path="packages/apps/OneTimeInitializer" name="platform/packages/apps/OneTimeInitializer" groups="pdk-fs" />
  <project path="packages/apps/Protips" name="platform/packages/apps/Protips" />
  <project path="packages/apps/Provision" name="platform/packages/apps/Provision" />
  <project path="packages/apps/SmartCardService" name="platform/packages/apps/SmartCardService" groups="pdk-fs" />
  <project path="packages/apps/SoundRecorder" name="platform/packages/apps/SoundRecorder" groups="pdk-fs" />
  <project path="packages/apps/SpareParts" name="platform/packages/apps/SpareParts" groups="pdk-fs" />
  <project path="packages/apps/SpeechRecorder" name="platform/packages/apps/SpeechRecorder" groups="pdk-fs" />
  <project path="packages/apps/Stk" name="SlimRoms/packages_apps_Stk" remote="github" revision="mm6.0" />
  <project path="packages/apps/Tag" name="platform/packages/apps/Tag" groups="pdk-fs" />
  <project path="packages/apps/Terminal" name="platform/packages/apps/Terminal" groups="pdk-fs" />
  <project path="packages/apps/TvSettings" name="platform/packages/apps/TvSettings" groups="generic_fs" />
  <project path="packages/apps/UnifiedEmail" name="SlimRoms/packages_apps_UnifiedEmail" remote="github" revision="mm6.0" />
  <project path="packages/experimental" name="platform/packages/experimental" />
  <project path="packages/inputmethods/OpenWnn" name="platform/packages/inputmethods/OpenWnn" groups="pdk-fs" />
  <project path="packages/providers/ApplicationsProvider" name="platform/packages/providers/ApplicationsProvider" groups="pdk-fs" />
  <project path="packages/providers/BookmarkProvider" name="platform/packages/providers/BookmarkProvider" groups="pdk-fs" />
  <project path="packages/providers/CalendarProvider" name="platform/packages/providers/CalendarProvider" groups="pdk-cw-fs" />
  <project path="packages/providers/CallLogProvider" name="platform/packages/providers/CallLogProvider" groups="pdk-fs" />
  <project path="packages/providers/PartnerBookmarksProvider" name="platform/packages/providers/PartnerBookmarksProvider" />
  <project path="packages/providers/TvProvider" name="platform/packages/providers/TvProvider" groups="pdk-fs" />
  <project path="packages/providers/UserDictionaryProvider" name="platform/packages/providers/UserDictionaryProvider" groups="pdk-cw-fs,pdk-fs" />
  <project path="packages/screensavers/Basic" name="platform/packages/screensavers/Basic" groups="pdk-fs" />
  <project path="packages/screensavers/PhotoTable" name="platform/packages/screensavers/PhotoTable" groups="pdk-fs" />
  <project path="packages/screensavers/WebView" name="platform/packages/screensavers/WebView" groups="pdk-fs" />
  <project path="packages/wallpapers/Basic" name="platform/packages/wallpapers/Basic" groups="pdk-fs" />
  <project path="packages/wallpapers/Galaxy4" name="platform/packages/wallpapers/Galaxy4" groups="pdk-fs" />
  <project path="packages/wallpapers/HoloSpiral" name="platform/packages/wallpapers/HoloSpiral" groups="pdk-fs" />
  <project path="packages/wallpapers/LivePicker" name="platform/packages/wallpapers/LivePicker" groups="pdk-fs" />
  <project path="packages/wallpapers/MagicSmoke" name="platform/packages/wallpapers/MagicSmoke" groups="pdk-fs" />
  <project path="packages/wallpapers/NoiseField" name="platform/packages/wallpapers/NoiseField" groups="pdk-fs" />
  <project path="packages/wallpapers/PhaseBeam" name="platform/packages/wallpapers/PhaseBeam" groups="pdk-fs" />
  <project path="pdk" name="platform/pdk" groups="pdk" />
  <project path="platform_testing" name="platform/platform_testing" />
  <project path="prebuilts/android-emulator" name="platform/prebuilts/android-emulator" groups="pdk-fs" clone-depth="1" />
  <project path="prebuilts/clang/linux-x86/host/3.6" name="platform/prebuilts/clang/linux-x86/host/3.6" groups="pdk,linux" />
  <project path="prebuilts/devtools" name="platform/prebuilts/devtools" groups="pdk-fs" />
  <project path="prebuilts/eclipse" name="platform/prebuilts/eclipse" groups="pdk" />
  <project path="prebuilts/eclipse-build-deps" name="platform/prebuilts/eclipse-build-deps" groups="notdefault,eclipse" />
  <project path="prebuilts/eclipse-build-deps-sources" name="platform/prebuilts/eclipse-build-deps-sources" groups="notdefault,eclipse" />
  <project path="prebuilts/gcc/linux-x86/aarch64/aarch64-linux-android-4.9" name="platform/prebuilts/gcc/linux-x86/aarch64/aarch64-linux-android-4.9" groups="pdk,linux,arm" />
  <!-- project path="prebuilts/gcc/linux-x86/arm/arm-eabi-4.8" name="platform/prebuilts/gcc/linux-x86/arm/arm-eabi-4.8" groups="pdk,linux,arm" / -->
  <project path="prebuilts/gcc/linux-x86/arm/arm-linux-androideabi-4.9" name="platform/prebuilts/gcc/linux-x86/arm/arm-linux-androideabi-4.9" groups="pdk,linux,arm" />
  <project path="prebuilts/gcc/linux-x86/host/x86_64-linux-glibc2.11-4.8" name="platform/prebuilts/gcc/linux-x86/host/x86_64-linux-glibc2.11-4.8" groups="pdk,linux" />
  <project path="prebuilts/gcc/linux-x86/host/x86_64-linux-glibc2.15-4.8" name="platform/prebuilts/gcc/linux-x86/host/x86_64-linux-glibc2.15-4.8"  groups="pdk,linux" />
  <project path="prebuilts/gcc/linux-x86/host/x86_64-w64-mingw32-4.8" name="platform/prebuilts/gcc/linux-x86/host/x86_64-w64-mingw32-4.8" groups="pdk-fs" />
  <project path="prebuilts/gcc/linux-x86/x86/x86_64-linux-android-4.9" name="platform/prebuilts/gcc/linux-x86/x86/x86_64-linux-android-4.9" groups="pdk,linux,x86" />
  <project path="prebuilts/gradle-plugin" name="platform/prebuilts/gradle-plugin" groups="pdk-cw-fs,pdk-fs" />
  <project path="prebuilts/libs/libedit" name="platform/prebuilts/libs/libedit" groups="pdk-cw-fs,pdk-fs" />
  <project path="prebuilts/maven_repo/android" name="platform/prebuilts/maven_repo/android" groups="pdk-cw-fs,pdk-fs" />
  <project path="prebuilts/misc" name="platform/prebuilts/misc" groups="pdk" />
  <project path="prebuilts/ndk" name="platform/prebuilts/ndk" groups="pdk" />
  <project path="prebuilts/python/linux-x86/2.7.5" name="platform/prebuilts/python/linux-x86/2.7.5" groups="linux,pdk,pdk-cw-fs" />
  <project path="prebuilts/qemu-kernel" name="platform/prebuilts/qemu-kernel" groups="pdk" clone-depth="1" />
  <project path="prebuilts/sdk" name="platform/prebuilts/sdk" groups="pdk" />
  <project path="prebuilts/tools" name="platform/prebuilts/tools" groups="pdk,tools" />
  <project path="sdk" name="platform/sdk" groups="pdk-cw-fs,pdk-fs" />
  <project path="system/extras/su" name="SlimRoms/android_system_extras_su" remote="github" revision="mm6.0" />
  <project path="system/gatekeeper" name="platform/system/gatekeeper" groups="pdk" />
  <project path="system/keymaster" name="SlimRoms/android_system_keymaster" remote="github" revision="mm6.0" />
  <project path="system/netd" name="SlimRoms/android_system_netd" remote="github" revision="mm6.0" />
  <project path="system/qcom" name="SlimRoms/android_system_qcom" remote="github" revision="mm6.0" />
  <project path="tools/adt/eclipse" name="platform/tools/adt/eclipse" groups="notdefault,tools" />
  <project path="tools/adt/idea" name="platform/tools/adt/idea" groups="notdefault,tools" />
  <project path="tools/base" name="platform/tools/base" groups="notdefault,tools" />
  <project path="tools/build" name="platform/tools/build" groups="notdefault,tools" />
  <project path="tools/emulator" name="platform/tools/emulator" groups="notdefault,tools" />
  <project path="tools/external/fat32lib" name="platform/tools/external/fat32lib" groups="tools" />
  <project path="tools/external/gradle" name="platform/tools/external/gradle" groups="tools" />
  <project path="tools/idea" name="platform/tools/idea" groups="notdefault,tools" />
  <project path="tools/loganalysis" name="platform/tools/loganalysis" groups="notdefault,tradefed" />
  <project path="tools/motodev" name="platform/tools/motodev" groups="notdefault,motodev" />
  <project path="tools/studio/cloud" name="platform/tools/studio/cloud" groups="notdefault,tools" />
  <project path="tools/studio/translation" name="platform/tools/studio/translation" groups="notdefault,tools" />
  <project path="tools/swt" name="platform/tools/swt" groups="notdefault,tools" />
  <project path="tools/tradefederation" name="platform/tools/tradefederation" groups="notdefault,tradefed" />

  <!-- CAF repos -->
  <project path="vendor/qcom/opensource/display-frameworks" name="SlimRoms/vendor_qcom_opensource_display-frameworks" remote="github" revision="mm6.0" />

  <!--Power Hal -->
  <project path="hardware/cm" name="SlimRoms/hardware_cm" remote="github" revision="mm6.0" />

  <!-- Slim toolchain gcc and linaro -->
  <project path="prebuilt" name="SlimRoms/android_prebuilt" remote="github" revision="mm6.0" />

  <!-- SamsungServiceMode -->
  <project path="packages/apps/SamsungServiceMode" name="SlimRoms/packages_apps_SamsungServiceMode" remote="github" revision="mm6.0" />

  <!-- qrngd -->
  <project path="external/qrngd" name="SlimRoms/android_external_qrngd" remote="github" revision="mm6.0" />

  <remote name="bucket" fetch="https://bitbucket.org" revision="master" />
  <!-- Device Folders, Kernel & Proprietary BLOBS -->
     <project path="vendor/huawei" name="CM13-Y300/proprietary_vendor_huawei" remote="github" revision="cm-13.0"/>
     <project path="kernel/huawei/huawei-kernel-3.4" name="SlimLP-Y300/chil360-kernel" remote="github" revision="mm6.0"/>
     <project path="device/huawei/msm7x27a-common" name="CM13-Y300/android_device_huawei_msm7x27a-common" remote="github" revision="cm-13.0"/>
     <project path="device/huawei/u8833" name="CM13-Y300/android_device_huawei_u8833" remote="github" revision="cm-13.0"/>
     <project path="device/huawei/u8951" name="CM13-Y300/android_device_huawei_u8951" remote="github" revision="cm-13.0"/>
     <project path="device/huawei/u8825" name="CM13-Y300/android_device_huawei_u8825" remote="github" revision="cm-13.0"/>

     <!-- WIFI -->
     <project path="hardware/atheros/wifi/ath6kl-huawei" name="SlimLP-Y300/android_hardware_atheros_wifi_ath6kl-huawei" remote="github" revision="master" />
     <project path="hardware/atheros/wlan" name="CM13-Y300/android_hardware_atheros_wlan" remote="github" revision="cm-13.0" />

     <!-- GPS -->
     <project path="hardware/qcom/gps" name="CM13-Y300/android_hardware_qcom_gps" remote="github" revision="cm-13.0" />

     <!-- QCOM Hardware -->
     <project path="hardware/qcom/display-caf/msm7x27a" name="CM13-Y300/android_hardware_qcom_display-caf" remote="github" revision="cm-13.0" />
     <project path="hardware/qcom/media-caf/msm7x27a" name="SlimLP-Y300/hardware_qcom_media" remote="github" revision="lp5.1" />

     <!-- Stlport -->
     <project path="external/stlport" name="CyanogenMod/android_external_stlport" remote="github" revision="cm-13.0" />

	 <!-- UBERTC 4.9 kernel toolchain -->
     <project path="prebuilts/gcc/linux-x86/arm/arm-eabi-4.8" name="UBERTC/arm-eabi-4.9" groups="pdk,linux,arm" remote="bucket"/>

</manifest>
